time, m1, m2
1, 0.000, 0.000
2, 0.000, 0.000
3, 0.000, 0.000
4, 0.000, 0.000
5, 0.000, 0.000
6, 0.000, 0.000
7, 0.000, 0.000
8, 0.000, 0.000
9, 0.000, 0.000
10, 0.000, 0.000
11, 0.000, 0.000
12, 0.000, 0.000
13, 0.000, 0.000
14, 0.000, 0.000
15, 0.000, 0.000
16, 0.000, 0.000
17, 0.000, 0.000
18, 0.000, 0.000
19, 0.000, 0.000
20, 0.000, 0.000
21, 0.000, 0.000
22, 0.000, 0.000
23, 0.000, 0.000
24, 0.000, 0.000
25, 0.000, 0.000
26, 0.000, 0.000
27, 0.000, 0.000
28, 0.000, 0.000
29, 0.000, 0.000
30, 0.000, 0.000
31, 0.000, 0.000
32, 0.000, 0.000
33, 0.000, 0.000
34, 0.000, 0.000
35, 0.320, 0.080
36, 0.340, 0.090
37, 0.340, 0.090
38, 0.360, 0.100
39, 0.360, 0.100
40, 0.360, 0.100
41, 0.380, 0.110
42, 0.380, 0.110
43, 0.380, 0.110
44, 0.400, 0.120
45, 0.400, 0.120
46, 0.400, 0.120
47, 0.400, 0.120
48, 0.400, 0.120
49, 0.420, 0.130
50, 0.420, 0.130
51, 0.420, 0.130
52, 0.420, 0.130
53, 0.420, 0.130
54, 0.420, 0.130
55, 0.420, 0.130
56, 0.440, 0.140
57, 0.440, 0.140
58, 0.440, 0.140
59, 0.440, 0.140
60, 0.440, 0.140
61, 0.440, 0.140
62, 0.440, 0.140
63, 0.440, 0.140
64, 0.440, 0.140
65, 0.440, 0.140
66, 0.460, 0.150
67, 0.460, 0.150
68, 0.460, 0.150
69, 0.460, 0.150
70, 0.460, 0.150
71, 0.460, 0.150
72, 0.460, 0.150
73, 0.460, 0.150
74, 0.460, 0.150
75, 0.460, 0.150
76, 0.460, 0.150
77, 0.460, 0.150
78, 0.460, 0.150
79, 0.460, 0.150
80, 0.460, 0.150
81, 0.480, 0.160
82, 0.480, 0.160
83, 0.480, 0.160
84, 0.480, 0.160
85, 0.480, 0.160
86, 0.480, 0.160
87, 0.480, 0.160
88, 0.480, 0.160
89, 0.480, 0.160
90, 0.480, 0.160
91, 0.480, 0.160
92, 0.480, 0.160
93, 0.480, 0.160
94, 0.480, 0.160
95, 0.480, 0.160
96, 0.480, 0.160
97, 0.480, 0.160
98, 0.480, 0.160
99, 0.480, 0.160
100, 0.480, 0.160
101, 0.480, 0.160
102, 0.480, 0.160
103, 0.480, 0.160
104, 0.480, 0.160
105, 0.480, 0.160
106, 0.480, 0.160
107, 0.480, 0.160
108, 0.480, 0.160
109, 0.480, 0.160
110, 0.500, 0.170
111, 0.500, 0.170
112, 0.500, 0.170
113, 0.500, 0.170
114, 0.500, 0.170
115, 0.500, 0.170
116, 0.500, 0.170
117, 0.500, 0.170
118, 0.500, 0.170
119, 0.500, 0.170
120, 0.500, 0.170
121, 0.500, 0.170
122, 0.500, 0.170
123, 0.500, 0.170
124, 0.500, 0.170
125, 0.500, 0.170
126, 0.500, 0.170
127, 0.500, 0.170
128, 0.500, 0.170
129, 0.500, 0.170
130, 0.500, 0.170
131, 0.500, 0.170
132, 0.500, 0.170
133, 0.500, 0.170
134, 0.500, 0.170
135, 0.500, 0.170
136, 0.500, 0.170
137, 0.500, 0.170
138, 0.500, 0.170
139, 0.500, 0.170
140, 0.500, 0.170
141, 0.500, 0.170
142, 0.500, 0.170
143, 0.500, 0.170
144, 0.500, 0.170
145, 0.500, 0.170
146, 0.500, 0.170
147, 0.500, 0.170
148, 0.500, 0.170
149, 0.500, 0.170
150, 0.500, 0.170
151, 0.500, 0.170
152, 0.500, 0.170
153, 0.500, 0.170
154, 0.500, 0.170
155, 0.500, 0.170
156, 0.500, 0.170
157, 0.500, 0.170
158, 0.500, 0.170
159, 0.500, 0.170
160, 0.500, 0.170
161, 0.500, 0.170
162, 0.500, 0.170
163, 0.500, 0.170
164, 0.500, 0.170
165, 0.500, 0.170
166, 0.500, 0.170
167, 0.500, 0.170
168, 0.500, 0.170
169, 0.500, 0.170
170, 0.500, 0.170
171, 0.500, 0.170
172, 0.500, 0.170
173, 0.500, 0.170
174, 0.500, 0.170
175, 0.500, 0.170
176, 0.500, 0.170
177, 0.500, 0.170
178, 0.500, 0.170
179, 0.500, 0.170
180, 0.500, 0.170
181, 0.500, 0.170
182, 0.520, 0.180
183, 0.520, 0.180
184, 0.520, 0.180
185, 0.520, 0.180
186, 0.520, 0.180
187, 0.520, 0.180
188, 0.520, 0.180
189, 0.520, 0.180
190, 0.520, 0.180
191, 0.520, 0.180
192, 0.520, 0.180
193, 0.520, 0.180
194, 0.520, 0.180
195, 0.520, 0.180
196, 0.520, 0.180
197, 0.520, 0.180
198, 0.520, 0.180
199, 0.520, 0.180
200, 0.520, 0.180
201, 0.520, 0.180
202, 0.520, 0.180
203, 0.520, 0.180
204, 0.520, 0.180
205, 0.520, 0.180
206, 0.520, 0.180
207, 0.520, 0.180
208, 0.520, 0.180
209, 0.520, 0.180
210, 0.520, 0.180
211, 0.520, 0.180
212, 0.520, 0.180
213, 0.520, 0.180
214, 0.520, 0.180
215, 0.520, 0.180
216, 0.520, 0.180
217, 0.520, 0.180
218, 0.520, 0.180
219, 0.520, 0.180
220, 0.520, 0.180
221, 0.520, 0.180
222, 0.520, 0.180
223, 0.520, 0.180
224, 0.520, 0.180
225, 0.520, 0.180
226, 0.520, 0.180
227, 0.520, 0.180
228, 0.520, 0.180
229, 0.520, 0.180
230, 0.520, 0.180
231, 0.520, 0.180
232, 0.520, 0.180
233, 0.520, 0.180
234, 0.520, 0.180
235, 0.520, 0.180
236, 0.520, 0.180
237, 0.520, 0.180
238, 0.520, 0.180
239, 0.520, 0.180
240, 0.520, 0.180
241, 0.520, 0.180
242, 0.520, 0.180
243, 0.520, 0.180
244, 0.520, 0.180
245, 0.520, 0.180
246, 0.520, 0.180
247, 0.520, 0.180
248, 0.520, 0.180
249, 0.520, 0.180
250, 0.520, 0.180
251, 0.520, 0.180
252, 0.520, 0.180
253, 0.520, 0.180
254, 0.520, 0.180
255, 0.520, 0.180
256, 0.520, 0.180
257, 0.520, 0.180
258, 0.520, 0.180
259, 0.520, 0.180
260, 0.520, 0.180
261, 0.520, 0.180
262, 0.520, 0.180
263, 0.520, 0.180
264, 0.520, 0.180
265, 0.520, 0.180
266, 0.520, 0.180
267, 0.520, 0.180
268, 0.520, 0.180
269, 0.520, 0.180
270, 0.520, 0.180
271, 0.520, 0.180
272, 0.520, 0.180
273, 0.520, 0.180
274, 0.520, 0.180
275, 0.520, 0.180
276, 0.520, 0.180
277, 0.520, 0.180
278, 0.520, 0.180
279, 0.520, 0.180
280, 0.520, 0.180
281, 0.520, 0.180
282, 0.520, 0.180
283, 0.520, 0.180
284, 0.520, 0.180
285, 0.520, 0.180
286, 0.520, 0.180
287, 0.520, 0.180
288, 0.520, 0.180
289, 0.520, 0.180
290, 0.520, 0.180
291, 0.520, 0.180
292, 0.520, 0.180
293, 0.520, 0.180
294, 0.520, 0.180
295, 0.520, 0.180
296, 0.520, 0.180
297, 0.520, 0.180
298, 0.520, 0.180
299, 0.520, 0.180
300, 0.520, 0.180
301, 0.520, 0.180
302, 0.520, 0.180
303, 0.520, 0.180
304, 0.520, 0.180
305, 0.520, 0.180
306, 0.520, 0.180
307, 0.520, 0.180
308, 0.520, 0.180
309, 0.520, 0.180
310, 0.520, 0.180
311, 0.520, 0.180
312, 0.520, 0.180
313, 0.520, 0.180
314, 0.520, 0.180
315, 0.520, 0.180
316, 0.520, 0.180
317, 0.520, 0.180
318, 0.520, 0.180
319, 0.520, 0.180
320, 0.520, 0.180
321, 0.520, 0.180
322, 0.520, 0.180
323, 0.520, 0.180
324, 0.520, 0.180
325, 0.520, 0.180
326, 0.520, 0.180
327, 0.520, 0.180
328, 0.520, 0.180
329, 0.520, 0.180
330, 0.520, 0.180
331, 0.520, 0.180
332, 0.520, 0.180
333, 0.520, 0.180
334, 0.520, 0.180
335, 0.520, 0.180
336, 0.520, 0.180
337, 0.520, 0.180
338, 0.520, 0.180
339, 0.520, 0.180
340, 0.520, 0.180
341, 0.520, 0.180
342, 0.520, 0.180
343, 0.520, 0.180
344, 0.520, 0.180
345, 0.520, 0.180
346, 0.520, 0.180
347, 0.520, 0.180
348, 0.520, 0.180
349, 0.520, 0.180
350, 0.520, 0.180
351, 0.520, 0.180
352, 0.520, 0.180
353, 0.520, 0.180
354, 0.520, 0.180
355, 0.520, 0.180
356, 0.520, 0.180
357, 0.520, 0.180
358, 0.520, 0.180
359, 0.520, 0.180
360, 0.520, 0.180
361, 0.520, 0.180
362, 0.520, 0.180
363, 0.520, 0.180
364, 0.520, 0.180
365, 0.520, 0.180
366, 0.520, 0.180
367, 0.520, 0.180
368, 0.520, 0.180
369, 0.520, 0.180
370, 0.520, 0.180
371, 0.520, 0.180
372, 0.520, 0.180
373, 0.520, 0.180
374, 0.520, 0.180
375, 0.520, 0.180
376, 0.520, 0.180
377, 0.520, 0.180
378, 0.520, 0.180
379, 0.520, 0.180
380, 0.520, 0.180
381, 0.520, 0.180
382, 0.520, 0.180
383, 0.520, 0.180
384, 0.520, 0.180
385, 0.520, 0.180
386, 0.520, 0.180
387, 0.520, 0.180
388, 0.520, 0.180
389, 0.520, 0.180
390, 0.520, 0.180
391, 0.520, 0.180
392, 0.520, 0.180
393, 0.520, 0.180
394, 0.520, 0.180
395, 0.520, 0.180
396, 0.520, 0.180
397, 0.520, 0.180
398, 0.520, 0.180
399, 0.520, 0.180
400, 0.520, 0.180
401, 0.520, 0.180
402, 0.520, 0.180
403, 0.520, 0.180
404, 0.520, 0.180
405, 0.520, 0.180
406, 0.520, 0.180
407, 0.520, 0.180
408, 0.520, 0.180
409, 0.520, 0.180
410, 0.520, 0.180
411, 0.520, 0.180
412, 0.520, 0.180
413, 0.520, 0.180
414, 0.520, 0.180
415, 0.520, 0.180
416, 0.520, 0.180
417, 0.520, 0.180
418, 0.520, 0.180
419, 0.520, 0.180
420, 0.520, 0.180
421, 0.520, 0.180
422, 0.520, 0.180
423, 0.520, 0.180
424, 0.520, 0.180
425, 0.520, 0.180
426, 0.520, 0.180
427, 0.520, 0.180
428, 0.520, 0.180
429, 0.520, 0.180
430, 0.520, 0.180
431, 0.520, 0.180
432, 0.520, 0.180
433, 0.520, 0.180
434, 0.520, 0.180
435, 0.520, 0.180
436, 0.520, 0.180
437, 0.520, 0.180
438, 0.520, 0.180
439, 0.520, 0.180
440, 0.520, 0.180
441, 0.520, 0.180
442, 0.520, 0.180
443, 0.520, 0.180
444, 0.520, 0.180
445, 0.520, 0.180
446, 0.520, 0.180
447, 0.520, 0.180
448, 0.520, 0.180
449, 0.520, 0.180
450, 0.520, 0.180
451, 0.520, 0.180
452, 0.520, 0.180
453, 0.520, 0.180
454, 0.520, 0.180
455, 0.520, 0.180
456, 0.520, 0.180
457, 0.520, 0.180
458, 0.520, 0.180
459, 0.520, 0.180
460, 0.520, 0.180
461, 0.520, 0.180
462, 0.520, 0.180
463, 0.520, 0.180
464, 0.520, 0.180
465, 0.520, 0.180
466, 0.520, 0.180
467, 0.520, 0.180
468, 0.520, 0.180
469, 0.520, 0.180
470, 0.520, 0.180
471, 0.520, 0.180
472, 0.520, 0.180
473, 0.520, 0.180
474, 0.520, 0.180
475, 0.520, 0.180
476, 0.520, 0.180
477, 0.520, 0.180
478, 0.520, 0.180
479, 0.520, 0.180
480, 0.520, 0.180
481, 0.520, 0.180
482, 0.520, 0.180
483, 0.520, 0.180
484, 0.520, 0.180
485, 0.520, 0.180
486, 0.520, 0.180
487, 0.520, 0.180
488, 0.520, 0.180
489, 0.520, 0.180
490, 0.520, 0.180
491, 0.520, 0.180
492, 0.520, 0.180
493, 0.520, 0.180
494, 0.520, 0.180
495, 0.520, 0.180
496, 0.520, 0.180
497, 0.520, 0.180
498, 0.520, 0.180
499, 0.520, 0.180
500, 0.520, 0.180
501, 0.520, 0.180
502, 0.520, 0.180
503, 0.520, 0.180
504, 0.520, 0.180
505, 0.520, 0.180
506, 0.520, 0.180
507, 0.520, 0.180
508, 0.520, 0.180
509, 0.520, 0.180
510, 0.520, 0.180
511, 0.520, 0.180
512, 0.520, 0.180
513, 0.520, 0.180
514, 0.520, 0.180
515, 0.520, 0.180
516, 0.520, 0.180
517, 0.520, 0.180
518, 0.520, 0.180
519, 0.520, 0.180
520, 0.520, 0.180
521, 0.520, 0.180
522, 0.520, 0.180
523, 0.520, 0.180
524, 0.520, 0.180
525, 0.520, 0.180
526, 0.520, 0.180
527, 0.520, 0.180
528, 0.520, 0.180
529, 0.520, 0.180
530, 0.520, 0.180
531, 0.520, 0.180
532, 0.520, 0.180
533, 0.520, 0.180
534, 0.520, 0.180
535, 0.520, 0.180
536, 0.520, 0.180
537, 0.520, 0.180
538, 0.520, 0.180
539, 0.520, 0.180
540, 0.520, 0.180
541, 0.520, 0.180
542, 0.520, 0.180
543, 0.520, 0.180
544, 0.520, 0.180
545, 0.520, 0.180
546, 0.520, 0.180
547, 0.520, 0.180
548, 0.520, 0.180
549, 0.520, 0.180
550, 0.520, 0.180
551, 0.520, 0.180
552, 0.520, 0.180
553, 0.520, 0.180
554, 0.520, 0.180
555, 0.520, 0.180
556, 0.520, 0.180
557, 0.520, 0.180
558, 0.520, 0.180
559, 0.520, 0.180
560, 0.520, 0.180
561, 0.520, 0.180
562, 0.520, 0.180
563, 0.520, 0.180
564, 0.520, 0.180
565, 0.520, 0.180
566, 0.520, 0.180
567, 0.520, 0.180
568, 0.520, 0.180
569, 0.520, 0.180
570, 0.520, 0.180
571, 0.520, 0.180
572, 0.520, 0.180
573, 0.520, 0.180
574, 0.520, 0.180
575, 0.520, 0.180
576, 0.520, 0.180
577, 0.520, 0.180
578, 0.520, 0.180
579, 0.520, 0.180
580, 0.520, 0.180
581, 0.520, 0.180
582, 0.520, 0.180
583, 0.520, 0.180
584, 0.520, 0.180
585, 0.520, 0.180
586, 0.520, 0.180
587, 0.520, 0.180
588, 0.520, 0.180
589, 0.520, 0.180
590, 0.520, 0.180
591, 0.520, 0.180
592, 0.520, 0.180
593, 0.520, 0.180
594, 0.520, 0.180
595, 0.520, 0.180
596, 0.520, 0.180
597, 0.520, 0.180
598, 0.520, 0.180
599, 0.520, 0.180
600, 0.520, 0.180
601, 0.520, 0.180
602, 0.540, 0.190
603, 0.540, 0.190
604, 0.540, 0.190
605, 0.540, 0.190
606, 0.540, 0.190
607, 0.540, 0.190
608, 0.540, 0.190
609, 0.540, 0.190
610, 0.540, 0.190
611, 0.540, 0.190
612, 0.540, 0.190
613, 0.540, 0.190
614, 0.540, 0.190
615, 0.540, 0.190
616, 0.540, 0.190
617, 0.540, 0.190
618, 0.540, 0.190
619, 0.540, 0.190
620, 0.540, 0.190
621, 0.540, 0.190
622, 0.540, 0.190
623, 0.540, 0.190
624, 0.540, 0.190
625, 0.540, 0.190
626, 0.540, 0.190
627, 0.540, 0.190
628, 0.540, 0.190
629, 0.540, 0.190
630, 0.540, 0.190
631, 0.540, 0.190
632, 0.540, 0.190
633, 0.540, 0.190
634, 0.540, 0.190
635, 0.540, 0.190
636, 0.540, 0.190
637, 0.540, 0.190
638, 0.540, 0.190
639, 0.540, 0.190
640, 0.540, 0.190
641, 0.540, 0.190
642, 0.540, 0.190
643, 0.540, 0.190
644, 0.540, 0.190
645, 0.540, 0.190
646, 0.540, 0.190
647, 0.540, 0.190
648, 0.540, 0.190
649, 0.540, 0.190
650, 0.540, 0.190
651, 0.540, 0.190
652, 0.540, 0.190
653, 0.540, 0.190
654, 0.540, 0.190
655, 0.540, 0.190
656, 0.540, 0.190
657, 0.540, 0.190
658, 0.540, 0.190
659, 0.540, 0.190
660, 0.540, 0.190
661, 0.540, 0.190
662, 0.540, 0.190
663, 0.540, 0.190
664, 0.540, 0.190
665, 0.540, 0.190
666, 0.540, 0.190
667, 0.540, 0.190
668, 0.540, 0.190
669, 0.540, 0.190
670, 0.540, 0.190
671, 0.540, 0.190
672, 0.540, 0.190
673, 0.540, 0.190
674, 0.540, 0.190
675, 0.540, 0.190
676, 0.540, 0.190
677, 0.540, 0.190
678, 0.540, 0.190
679, 0.540, 0.190
680, 0.540, 0.190
681, 0.540, 0.190
682, 0.540, 0.190
683, 0.540, 0.190
684, 0.540, 0.190
685, 0.540, 0.190
686, 0.540, 0.190
687, 0.540, 0.190
688, 0.540, 0.190
689, 0.540, 0.190
690, 0.540, 0.190
691, 0.540, 0.190
692, 0.540, 0.190
693, 0.540, 0.190
694, 0.540, 0.190
695, 0.540, 0.190
696, 0.540, 0.190
697, 0.540, 0.190
698, 0.540, 0.190
699, 0.540, 0.190
700, 0.540, 0.190
701, 0.540, 0.190
702, 0.540, 0.190
703, 0.540, 0.190
704, 0.540, 0.190
705, 0.540, 0.190
706, 0.540, 0.190
707, 0.540, 0.190
708, 0.540, 0.190
709, 0.540, 0.190
710, 0.540, 0.190
711, 0.540, 0.190
712, 0.540, 0.190
713, 0.540, 0.190
714, 0.540, 0.190
715, 0.540, 0.190
716, 0.540, 0.190
717, 0.540, 0.190
718, 0.540, 0.190
719, 0.540, 0.190
720, 0.540, 0.190
721, 0.540, 0.190
722, 0.540, 0.190
723, 0.540, 0.190
724, 0.540, 0.190
725, 0.540, 0.190
726, 0.540, 0.190
727, 0.540, 0.190
728, 0.540, 0.190
729, 0.540, 0.190
730, 0.540, 0.190
731, 0.540, 0.190
732, 0.540, 0.190
733, 0.540, 0.190
734, 0.540, 0.190
735, 0.540, 0.190
736, 0.540, 0.190
737, 0.540, 0.190
738, 0.540, 0.190
739, 0.540, 0.190
740, 0.540, 0.190
741, 0.540, 0.190
742, 0.540, 0.190
743, 0.540, 0.190
744, 0.540, 0.190
745, 0.540, 0.190
746, 0.540, 0.190
747, 0.540, 0.190
748, 0.540, 0.190
749, 0.540, 0.190
750, 0.540, 0.190
751, 0.540, 0.190
752, 0.540, 0.190
753, 0.540, 0.190
754, 0.540, 0.190
755, 0.540, 0.190
756, 0.540, 0.190
757, 0.540, 0.190
758, 0.540, 0.190
759, 0.540, 0.190
760, 0.540, 0.190
761, 0.540, 0.190
762, 0.540, 0.190
763, 0.540, 0.190
764, 0.540, 0.190
765, 0.540, 0.190
766, 0.540, 0.190
767, 0.540, 0.190
768, 0.540, 0.190
769, 0.540, 0.190
770, 0.540, 0.190
771, 0.540, 0.190
772, 0.540, 0.190
773, 0.540, 0.190
774, 0.540, 0.190
775, 0.540, 0.190
776, 0.540, 0.190
777, 0.540, 0.190
778, 0.540, 0.190
779, 0.540, 0.190
780, 0.540, 0.190
781, 0.540, 0.190
782, 0.540, 0.190
783, 0.540, 0.190
784, 0.540, 0.190
785, 0.540, 0.190
786, 0.540, 0.190
787, 0.540, 0.190
788, 0.540, 0.190
789, 0.540, 0.190
790, 0.540, 0.190
791, 0.540, 0.190
792, 0.540, 0.190
793, 0.540, 0.190
794, 0.540, 0.190
795, 0.540, 0.190
796, 0.540, 0.190
797, 0.540, 0.190
798, 0.540, 0.190
799, 0.540, 0.190
800, 0.540, 0.190
801, 0.540, 0.190
802, 0.540, 0.190
803, 0.540, 0.190
804, 0.540, 0.190
805, 0.540, 0.190
806, 0.540, 0.190
807, 0.540, 0.190
808, 0.540, 0.190
809, 0.540, 0.190
810, 0.540, 0.190
811, 0.540, 0.190
812, 0.540, 0.190
813, 0.540, 0.190
814, 0.540, 0.190
815, 0.540, 0.190
816, 0.540, 0.190
817, 0.540, 0.190
818, 0.540, 0.190
819, 0.540, 0.190
820, 0.540, 0.190
821, 0.540, 0.190
822, 0.540, 0.190
823, 0.540, 0.190
824, 0.540, 0.190
825, 0.540, 0.190
826, 0.540, 0.190
827, 0.540, 0.190
828, 0.540, 0.190
829, 0.540, 0.190
830, 0.540, 0.190
831, 0.540, 0.190
832, 0.540, 0.190
833, 0.540, 0.190
834, 0.540, 0.190
835, 0.540, 0.190
836, 0.540, 0.190
837, 0.540, 0.190
838, 0.540, 0.190
839, 0.540, 0.190
840, 0.540, 0.190
841, 0.540, 0.190
842, 0.540, 0.190
843, 0.540, 0.190
844, 0.540, 0.190
845, 0.540, 0.190
846, 0.540, 0.190
847, 0.540, 0.190
848, 0.540, 0.190
849, 0.540, 0.190
850, 0.540, 0.190
851, 0.540, 0.190
852, 0.540, 0.190
853, 0.540, 0.190
854, 0.540, 0.190
855, 0.540, 0.190
856, 0.540, 0.190
857, 0.540, 0.190
858, 0.540, 0.190
859, 0.540, 0.190
860, 0.540, 0.190
861, 0.540, 0.190
862, 0.540, 0.190
863, 0.540, 0.190
864, 0.540, 0.190
865, 0.540, 0.190
866, 0.540, 0.190
867, 0.540, 0.190
868, 0.540, 0.190
869, 0.540, 0.190
870, 0.540, 0.190
871, 0.540, 0.190
872, 0.540, 0.190
873, 0.540, 0.190
874, 0.540, 0.190
875, 0.540, 0.190
876, 0.540, 0.190
877, 0.540, 0.190
878, 0.540, 0.190
879, 0.540, 0.190
880, 0.540, 0.190
881, 0.540, 0.190
882, 0.540, 0.190
883, 0.540, 0.190
884, 0.540, 0.190
885, 0.540, 0.190
886, 0.540, 0.190
887, 0.540, 0.190
888, 0.540, 0.190
889, 0.540, 0.190
890, 0.540, 0.190
891, 0.540, 0.190
892, 0.540, 0.190
893, 0.540, 0.190
894, 0.540, 0.190
895, 0.540, 0.190
896, 0.540, 0.190
897, 0.540, 0.190
898, 0.540, 0.190
899, 0.540, 0.190
900, 0.540, 0.190
901, 0.540, 0.190
902, 0.540, 0.190
903, 0.540, 0.190
904, 0.540, 0.190
905, 0.540, 0.190
906, 0.540, 0.190
907, 0.540, 0.190
908, 0.540, 0.190
909, 0.540, 0.190
910, 0.540, 0.190
911, 0.540, 0.190
912, 0.540, 0.190
913, 0.540, 0.190
914, 0.540, 0.190
915, 0.540, 0.190
916, 0.540, 0.190
917, 0.540, 0.190
918, 0.540, 0.190
919, 0.540, 0.190
920, 0.540, 0.190
921, 0.540, 0.190
922, 0.540, 0.190
923, 0.540, 0.190
924, 0.540, 0.190
925, 0.540, 0.190
926, 0.540, 0.190
927, 0.540, 0.190
928, 0.540, 0.190
929, 0.540, 0.190
930, 0.540, 0.190
931, 0.540, 0.190
932, 0.540, 0.190
933, 0.540, 0.190
934, 0.540, 0.190
935, 0.540, 0.190
936, 0.540, 0.190
937, 0.540, 0.190
938, 0.540, 0.190
939, 0.540, 0.190
940, 0.540, 0.190
941, 0.540, 0.190
942, 0.540, 0.190
943, 0.540, 0.190
944, 0.540, 0.190
945, 0.540, 0.190
946, 0.540, 0.190
947, 0.540, 0.190
948, 0.540, 0.190
949, 0.540, 0.190
950, 0.540, 0.190
951, 0.540, 0.190
952, 0.540, 0.190
953, 0.540, 0.190
954, 0.540, 0.190
955, 0.540, 0.190
956, 0.540, 0.190
957, 0.540, 0.190
958, 0.540, 0.190
959, 0.540, 0.190
960, 0.540, 0.190
961, 0.540, 0.190
962, 0.540, 0.190
963, 0.540, 0.190
964, 0.540, 0.190
965, 0.540, 0.190
966, 0.540, 0.190
967, 0.540, 0.190
968, 0.540, 0.190
969, 0.540, 0.190
970, 0.540, 0.190
971, 0.540, 0.190
972, 0.540, 0.190
973, 0.540, 0.190
974, 0.540, 0.190
975, 0.540, 0.190
976, 0.540, 0.190
977, 0.540, 0.190
978, 0.540, 0.190
979, 0.540, 0.190
980, 0.540, 0.190
981, 0.540, 0.190
982, 0.540, 0.190
983, 0.540, 0.190
984, 0.540, 0.190
985, 0.540, 0.190
986, 0.540, 0.190
987, 0.540, 0.190
988, 0.540, 0.190
989, 0.540, 0.190
990, 0.540, 0.190
991, 0.540, 0.190
992, 0.540, 0.190
993, 0.540, 0.190
994, 0.540, 0.190
995, 0.540, 0.190
996, 0.540, 0.190
997, 0.540, 0.190
998, 0.540, 0.190
999, 0.540, 0.190
1000, 0.540, 0.190
1001, 0.540, 0.190
1002, 0.540, 0.190
1003, 0.540, 0.190
1004, 0.540, 0.190
1005, 0.540, 0.190
1006, 0.540, 0.190
1007, 0.540, 0.190
1008, 0.540, 0.190
1009, 0.540, 0.190
1010, 0.540, 0.190
1011, 0.540, 0.190
1012, 0.540, 0.190
1013, 0.540, 0.190
1014, 0.540, 0.190
1015, 0.540, 0.190
1016, 0.540, 0.190
1017, 0.540, 0.190
1018, 0.540, 0.190
1019, 0.540, 0.190
1020, 0.540, 0.190
1021, 0.540, 0.190
1022, 0.540, 0.190
1023, 0.540, 0.190
1024, 0.540, 0.190
1025, 0.540, 0.190
1026, 0.540, 0.190
1027, 0.540, 0.190
1028, 0.540, 0.190
1029, 0.540, 0.190
1030, 0.540, 0.190
1031, 0.540, 0.190
1032, 0.540, 0.190
1033, 0.540, 0.190
1034, 0.540, 0.190
1035, 0.540, 0.190
1036, 0.540, 0.190
1037, 0.540, 0.190
1038, 0.540, 0.190
1039, 0.540, 0.190
1040, 0.540, 0.190
1041, 0.540, 0.190
1042, 0.540, 0.190
1043, 0.540, 0.190
1044, 0.540, 0.190
1045, 0.540, 0.190
1046, 0.540, 0.190
1047, 0.540, 0.190
1048, 0.540, 0.190
1049, 0.540, 0.190
1050, 0.540, 0.190
1051, 0.540, 0.190
1052, 0.540, 0.190
1053, 0.540, 0.190
1054, 0.540, 0.190
1055, 0.540, 0.190
1056, 0.540, 0.190
1057, 0.540, 0.190
1058, 0.540, 0.190
1059, 0.540, 0.190
1060, 0.540, 0.190
1061, 0.540, 0.190
1062, 0.540, 0.190
1063, 0.540, 0.190
1064, 0.540, 0.190
1065, 0.540, 0.190
1066, 0.540, 0.190
1067, 0.540, 0.190
1068, 0.540, 0.190
1069, 0.540, 0.190
1070, 0.540, 0.190
1071, 0.540, 0.190
1072, 0.540, 0.190
1073, 0.540, 0.190
1074, 0.540, 0.190
1075, 0.540, 0.190
1076, 0.540, 0.190
1077, 0.540, 0.190
1078, 0.540, 0.190
1079, 0.540, 0.190
1080, 0.540, 0.190
1081, 0.540, 0.190
1082, 0.540, 0.190
1083, 0.540, 0.190
1084, 0.540, 0.190
1085, 0.540, 0.190
1086, 0.540, 0.190
1087, 0.540, 0.190
1088, 0.540, 0.190
1089, 0.540, 0.190
1090, 0.540, 0.190
1091, 0.540, 0.190
1092, 0.540, 0.190
1093, 0.540, 0.190
1094, 0.540, 0.190
1095, 0.540, 0.190
1096, 0.540, 0.190
1097, 0.540, 0.190
1098, 0.540, 0.190
1099, 0.540, 0.190
1100, 0.540, 0.190
1101, 0.540, 0.190
1102, 0.540, 0.190
1103, 0.540, 0.190
1104, 0.540, 0.190
1105, 0.540, 0.190
1106, 0.540, 0.190
1107, 0.540, 0.190
1108, 0.540, 0.190
1109, 0.540, 0.190
1110, 0.540, 0.190
1111, 0.540, 0.190
1112, 0.540, 0.190
1113, 0.540, 0.190
1114, 0.540, 0.190
1115, 0.540, 0.190
1116, 0.540, 0.190
1117, 0.540, 0.190
1118, 0.540, 0.190
1119, 0.540, 0.190
1120, 0.540, 0.190
1121, 0.540, 0.190
1122, 0.540, 0.190
1123, 0.540, 0.190
1124, 0.540, 0.190
1125, 0.540, 0.190
1126, 0.540, 0.190
1127, 0.540, 0.190
1128, 0.540, 0.190
1129, 0.540, 0.190
1130, 0.540, 0.190
1131, 0.540, 0.190
1132, 0.540, 0.190
1133, 0.540, 0.190
1134, 0.540, 0.190
1135, 0.540, 0.190
1136, 0.540, 0.190
1137, 0.540, 0.190
1138, 0.540, 0.190
1139, 0.540, 0.190
1140, 0.540, 0.190
1141, 0.540, 0.190
1142, 0.540, 0.190
1143, 0.540, 0.190
1144, 0.540, 0.190
1145, 0.540, 0.190
1146, 0.540, 0.190
1147, 0.540, 0.190
1148, 0.540, 0.190
1149, 0.540, 0.190
1150, 0.540, 0.190
1151, 0.540, 0.190
1152, 0.540, 0.190
1153, 0.540, 0.190
1154, 0.540, 0.190
1155, 0.540, 0.190
1156, 0.540, 0.190
1157, 0.540, 0.190
1158, 0.540, 0.190
1159, 0.540, 0.190
1160, 0.540, 0.190
1161, 0.540, 0.190
1162, 0.540, 0.190
1163, 0.540, 0.190
1164, 0.540, 0.190
1165, 0.540, 0.190
1166, 0.540, 0.190
1167, 0.540, 0.190
1168, 0.540, 0.190
1169, 0.540, 0.190
1170, 0.540, 0.190
1171, 0.540, 0.190
1172, 0.540, 0.190
1173, 0.540, 0.190
1174, 0.540, 0.190
1175, 0.540, 0.190
1176, 0.540, 0.190
1177, 0.540, 0.190
1178, 0.540, 0.190
1179, 0.540, 0.190
1180, 0.540, 0.190
1181, 0.540, 0.190
1182, 0.540, 0.190
1183, 0.540, 0.190
1184, 0.540, 0.190
1185, 0.540, 0.190
1186, 0.540, 0.190
1187, 0.540, 0.190
1188, 0.540, 0.190
1189, 0.540, 0.190
1190, 0.540, 0.190
1191, 0.540, 0.190
1192, 0.540, 0.190
1193, 0.540, 0.190
1194, 0.540, 0.190
1195, 0.540, 0.190
1196, 0.540, 0.190
1197, 0.540, 0.190
1198, 0.540, 0.190
1199, 0.540, 0.190
1200, 0.540, 0.190
1201, 0.540, 0.190
1202, 0.540, 0.190
1203, 0.540, 0.190
1204, 0.540, 0.190
1205, 0.540, 0.190
1206, 0.540, 0.190
1207, 0.540, 0.190
1208, 0.540, 0.190
1209, 0.540, 0.190
1210, 0.540, 0.190
1211, 0.540, 0.190
1212, 0.540, 0.190
1213, 0.540, 0.190
1214, 0.540, 0.190
1215, 0.540, 0.190
1216, 0.540, 0.190
1217, 0.540, 0.190
1218, 0.540, 0.190
1219, 0.540, 0.190
1220, 0.540, 0.190
1221, 0.540, 0.190
1222, 0.540, 0.190
1223, 0.540, 0.190
1224, 0.540, 0.190
1225, 0.540, 0.190
1226, 0.540, 0.190
1227, 0.540, 0.190
1228, 0.540, 0.190
1229, 0.540, 0.190
1230, 0.540, 0.190
1231, 0.540, 0.190
1232, 0.540, 0.190
1233, 0.540, 0.190
1234, 0.540, 0.190
1235, 0.540, 0.190
1236, 0.540, 0.190
1237, 0.540, 0.190
1238, 0.540, 0.190
1239, 0.540, 0.190
1240, 0.540, 0.190
1241, 0.540, 0.190
1242, 0.540, 0.190
1243, 0.540, 0.190
1244, 0.540, 0.190
1245, 0.540, 0.190
1246, 0.540, 0.190
1247, 0.540, 0.190
1248, 0.540, 0.190
1249, 0.540, 0.190
1250, 0.540, 0.190
1251, 0.540, 0.190
1252, 0.540, 0.190
1253, 0.540, 0.190
1254, 0.540, 0.190
1255, 0.540, 0.190
1256, 0.540, 0.190
1257, 0.540, 0.190
1258, 0.540, 0.190
1259, 0.540, 0.190
1260, 0.540, 0.190
1261, 0.540, 0.190
1262, 0.540, 0.190
1263, 0.540, 0.190
1264, 0.540, 0.190
1265, 0.540, 0.190
1266, 0.540, 0.190
1267, 0.540, 0.190
1268, 0.540, 0.190
1269, 0.540, 0.190
1270, 0.540, 0.190
1271, 0.540, 0.190
1272, 0.540, 0.190
1273, 0.540, 0.190
1274, 0.540, 0.190
1275, 0.540, 0.190
1276, 0.540, 0.190
1277, 0.540, 0.190
1278, 0.540, 0.190
1279, 0.540, 0.190
1280, 0.540, 0.190
1281, 0.540, 0.190
1282, 0.540, 0.190
1283, 0.540, 0.190
1284, 0.540, 0.190
1285, 0.540, 0.190
1286, 0.540, 0.190
1287, 0.540, 0.190
1288, 0.540, 0.190
1289, 0.540, 0.190
1290, 0.540, 0.190
1291, 0.540, 0.190
1292, 0.540, 0.190
1293, 0.540, 0.190
1294, 0.540, 0.190
1295, 0.540, 0.190
1296, 0.540, 0.190
1297, 0.540, 0.190
1298, 0.540, 0.190
1299, 0.540, 0.190
1300, 0.540, 0.190
1301, 0.540, 0.190
1302, 0.540, 0.190
1303, 0.540, 0.190
1304, 0.540, 0.190
1305, 0.540, 0.190
1306, 0.540, 0.190
1307, 0.540, 0.190
1308, 0.540, 0.190
1309, 0.540, 0.190
1310, 0.540, 0.190
1311, 0.540, 0.190
1312, 0.540, 0.190
1313, 0.540, 0.190
1314, 0.540, 0.190
1315, 0.540, 0.190
1316, 0.540, 0.190
1317, 0.540, 0.190
1318, 0.540, 0.190
1319, 0.540, 0.190
1320, 0.540, 0.190
1321, 0.540, 0.190
1322, 0.540, 0.190
1323, 0.540, 0.190
1324, 0.540, 0.190
1325, 0.540, 0.190
1326, 0.540, 0.190
1327, 0.540, 0.190
1328, 0.540, 0.190
1329, 0.540, 0.190
1330, 0.540, 0.190
1331, 0.540, 0.190
1332, 0.540, 0.190
1333, 0.540, 0.190
1334, 0.540, 0.190
1335, 0.540, 0.190
1336, 0.540, 0.190
1337, 0.540, 0.190
1338, 0.540, 0.190
1339, 0.540, 0.190
1340, 0.540, 0.190
1341, 0.540, 0.190
1342, 0.540, 0.190
1343, 0.540, 0.190
1344, 0.540, 0.190
1345, 0.540, 0.190
1346, 0.540, 0.190
1347, 0.540, 0.190
1348, 0.540, 0.190
1349, 0.540, 0.190
1350, 0.540, 0.190
1351, 0.540, 0.190
1352, 0.540, 0.190
1353, 0.540, 0.190
1354, 0.540, 0.190
1355, 0.540, 0.190
1356, 0.540, 0.190
1357, 0.540, 0.190
1358, 0.540, 0.190
1359, 0.540, 0.190
1360, 0.540, 0.190
1361, 0.540, 0.190
1362, 0.540, 0.190
1363, 0.540, 0.190
1364, 0.540, 0.190
1365, 0.540, 0.190
1366, 0.540, 0.190
1367, 0.540, 0.190
1368, 0.540, 0.190
1369, 0.540, 0.190
1370, 0.540, 0.190
1371, 0.540, 0.190
1372, 0.540, 0.190
1373, 0.540, 0.190
1374, 0.540, 0.190
1375, 0.540, 0.190
1376, 0.540, 0.190
1377, 0.540, 0.190
1378, 0.540, 0.190
1379, 0.540, 0.190
1380, 0.540, 0.190
1381, 0.540, 0.190
1382, 0.540, 0.190
1383, 0.540, 0.190
1384, 0.540, 0.190
1385, 0.540, 0.190
1386, 0.540, 0.190
1387, 0.540, 0.190
1388, 0.540, 0.190
1389, 0.540, 0.190
1390, 0.540, 0.190
1391, 0.540, 0.190
1392, 0.540, 0.190
1393, 0.540, 0.190
1394, 0.540, 0.190
1395, 0.540, 0.190
1396, 0.540, 0.190
1397, 0.540, 0.190
1398, 0.540, 0.190
1399, 0.540, 0.190
1400, 0.540, 0.190
1401, 0.540, 0.190
1402, 0.540, 0.190
1403, 0.540, 0.190
1404, 0.540, 0.190
1405, 0.540, 0.190
1406, 0.540, 0.190
1407, 0.540, 0.190
1408, 0.540, 0.190
1409, 0.540, 0.190
1410, 0.540, 0.190
1411, 0.540, 0.190
1412, 0.540, 0.190
1413, 0.540, 0.190
1414, 0.540, 0.190
1415, 0.540, 0.190
1416, 0.540, 0.190
1417, 0.540, 0.190
1418, 0.540, 0.190
1419, 0.540, 0.190
1420, 0.540, 0.190
1421, 0.540, 0.190
1422, 0.540, 0.190
1423, 0.540, 0.190
1424, 0.540, 0.190
1425, 0.540, 0.190
1426, 0.540, 0.190
1427, 0.540, 0.190
1428, 0.540, 0.190
1429, 0.540, 0.190
1430, 0.540, 0.190
1431, 0.540, 0.190
1432, 0.540, 0.190
1433, 0.540, 0.190
1434, 0.540, 0.190
1435, 0.540, 0.190
1436, 0.540, 0.190
1437, 0.540, 0.190
1438, 0.540, 0.190
1439, 0.540, 0.190
1440, 0.540, 0.190
1441, 0.540, 0.190
1442, 0.540, 0.190
1443, 0.540, 0.190
1444, 0.540, 0.190
1445, 0.540, 0.190
1446, 0.540, 0.190
1447, 0.540, 0.190
1448, 0.540, 0.190
1449, 0.540, 0.190
1450, 0.540, 0.190
1451, 0.540, 0.190
1452, 0.540, 0.190
1453, 0.540, 0.190
1454, 0.540, 0.190
1455, 0.540, 0.190
1456, 0.540, 0.190
1457, 0.540, 0.190
1458, 0.540, 0.190
1459, 0.540, 0.190
1460, 0.540, 0.190
1461, 0.540, 0.190
1462, 0.540, 0.190
1463, 0.540, 0.190
1464, 0.540, 0.190
1465, 0.540, 0.190
1466, 0.540, 0.190
1467, 0.540, 0.190
1468, 0.540, 0.190
1469, 0.540, 0.190
1470, 0.540, 0.190
1471, 0.540, 0.190
1472, 0.540, 0.190
1473, 0.540, 0.190
1474, 0.540, 0.190
1475, 0.540, 0.190
1476, 0.540, 0.190
1477, 0.540, 0.190
1478, 0.540, 0.190
1479, 0.540, 0.190
1480, 0.540, 0.190
1481, 0.540, 0.190
1482, 0.540, 0.190
1483, 0.540, 0.190
1484, 0.540, 0.190
1485, 0.540, 0.190
1486, 0.540, 0.190
1487, 0.540, 0.190
1488, 0.540, 0.190
1489, 0.540, 0.190
1490, 0.540, 0.190
1491, 0.540, 0.190
1492, 0.540, 0.190
1493, 0.540, 0.190
1494, 0.540, 0.190
1495, 0.540, 0.190
1496, 0.540, 0.190
1497, 0.540, 0.190
1498, 0.540, 0.190
1499, 0.540, 0.190
1500, 0.540, 0.190
1501, 0.540, 0.190
1502, 0.540, 0.190
1503, 0.540, 0.190
1504, 0.540, 0.190
1505, 0.540, 0.190
1506, 0.540, 0.190
1507, 0.540, 0.190
1508, 0.540, 0.190
1509, 0.540, 0.190
1510, 0.540, 0.190
1511, 0.540, 0.190
1512, 0.540, 0.190
1513, 0.540, 0.190
1514, 0.540, 0.190
1515, 0.540, 0.190
1516, 0.540, 0.190
1517, 0.540, 0.190
1518, 0.540, 0.190
1519, 0.540, 0.190
1520, 0.540, 0.190
1521, 0.540, 0.190
1522, 0.540, 0.190
1523, 0.540, 0.190
1524, 0.540, 0.190
1525, 0.540, 0.190
1526, 0.540, 0.190
1527, 0.540, 0.190
1528, 0.540, 0.190
1529, 0.540, 0.190
1530, 0.540, 0.190
1531, 0.540, 0.190
1532, 0.540, 0.190
1533, 0.540, 0.190
1534, 0.540, 0.190
1535, 0.540, 0.190
1536, 0.540, 0.190
1537, 0.540, 0.190
1538, 0.540, 0.190
1539, 0.540, 0.190
1540, 0.540, 0.190
1541, 0.540, 0.190
1542, 0.540, 0.190
1543, 0.540, 0.190
1544, 0.540, 0.190
1545, 0.540, 0.190
1546, 0.540, 0.190
1547, 0.540, 0.190
1548, 0.540, 0.190
1549, 0.540, 0.190
1550, 0.540, 0.190
1551, 0.540, 0.190
1552, 0.540, 0.190
1553, 0.540, 0.190
1554, 0.540, 0.190
1555, 0.540, 0.190
1556, 0.540, 0.190
1557, 0.540, 0.190
1558, 0.540, 0.190
1559, 0.540, 0.190
1560, 0.540, 0.190
1561, 0.540, 0.190
1562, 0.540, 0.190
1563, 0.540, 0.190
1564, 0.540, 0.190
1565, 0.540, 0.190
1566, 0.540, 0.190
1567, 0.540, 0.190
1568, 0.540, 0.190
1569, 0.540, 0.190
1570, 0.540, 0.190
1571, 0.540, 0.190
1572, 0.540, 0.190
1573, 0.540, 0.190
1574, 0.540, 0.190
1575, 0.540, 0.190
1576, 0.540, 0.190
1577, 0.540, 0.190
1578, 0.540, 0.190
1579, 0.540, 0.190
1580, 0.540, 0.190
1581, 0.540, 0.190
1582, 0.540, 0.190
1583, 0.540, 0.190
1584, 0.540, 0.190
1585, 0.540, 0.190
1586, 0.540, 0.190
1587, 0.540, 0.190
1588, 0.540, 0.190
1589, 0.540, 0.190
1590, 0.540, 0.190
1591, 0.540, 0.190
1592, 0.540, 0.190
1593, 0.540, 0.190
1594, 0.540, 0.190
1595, 0.540, 0.190
1596, 0.540, 0.190
1597, 0.540, 0.190
1598, 0.540, 0.190
1599, 0.540, 0.190
1600, 0.540, 0.190
1601, 0.540, 0.190
1602, 0.540, 0.190
1603, 0.540, 0.190
1604, 0.540, 0.190
1605, 0.540, 0.190
1606, 0.540, 0.190
1607, 0.540, 0.190
1608, 0.540, 0.190
1609, 0.540, 0.190
1610, 0.540, 0.190
1611, 0.540, 0.190
1612, 0.540, 0.190
1613, 0.540, 0.190
1614, 0.540, 0.190
1615, 0.540, 0.190
1616, 0.540, 0.190
1617, 0.540, 0.190
1618, 0.540, 0.190
1619, 0.540, 0.190
1620, 0.540, 0.190
1621, 0.540, 0.190
1622, 0.540, 0.190
1623, 0.540, 0.190
1624, 0.540, 0.190
1625, 0.540, 0.190
1626, 0.540, 0.190
1627, 0.540, 0.190
1628, 0.540, 0.190
1629, 0.540, 0.190
1630, 0.540, 0.190
1631, 0.540, 0.190
1632, 0.540, 0.190
1633, 0.540, 0.190
1634, 0.540, 0.190
1635, 0.540, 0.190
1636, 0.540, 0.190
1637, 0.540, 0.190
1638, 0.540, 0.190
1639, 0.540, 0.190
1640, 0.540, 0.190
1641, 0.540, 0.190
1642, 0.540, 0.190
1643, 0.540, 0.190
1644, 0.540, 0.190
1645, 0.540, 0.190
1646, 0.540, 0.190
1647, 0.540, 0.190
1648, 0.540, 0.190
1649, 0.540, 0.190
1650, 0.540, 0.190
1651, 0.540, 0.190
1652, 0.540, 0.190
1653, 0.540, 0.190
1654, 0.540, 0.190
1655, 0.540, 0.190
1656, 0.540, 0.190
1657, 0.540, 0.190
1658, 0.540, 0.190
1659, 0.540, 0.190
1660, 0.540, 0.190
1661, 0.540, 0.190
1662, 0.540, 0.190
1663, 0.540, 0.190
1664, 0.540, 0.190
1665, 0.540, 0.190
1666, 0.540, 0.190
1667, 0.540, 0.190
1668, 0.540, 0.190
1669, 0.540, 0.190
1670, 0.540, 0.190
1671, 0.540, 0.190
1672, 0.540, 0.190
1673, 0.540, 0.190
1674, 0.540, 0.190
1675, 0.540, 0.190
1676, 0.540, 0.190
1677, 0.540, 0.190
1678, 0.540, 0.190
1679, 0.540, 0.190
1680, 0.540, 0.190
1681, 0.540, 0.190
1682, 0.540, 0.190
1683, 0.540, 0.190
1684, 0.540, 0.190
1685, 0.540, 0.190
1686, 0.540, 0.190
1687, 0.540, 0.190
1688, 0.540, 0.190
1689, 0.540, 0.190
1690, 0.540, 0.190
1691, 0.540, 0.190
1692, 0.540, 0.190
1693, 0.540, 0.190
1694, 0.540, 0.190
1695, 0.540, 0.190
1696, 0.540, 0.190
1697, 0.540, 0.190
1698, 0.540, 0.190
1699, 0.540, 0.190
1700, 0.540, 0.190
1701, 0.540, 0.190
1702, 0.540, 0.190
1703, 0.540, 0.190
1704, 0.540, 0.190
1705, 0.540, 0.190
1706, 0.540, 0.190
1707, 0.540, 0.190
1708, 0.540, 0.190
1709, 0.540, 0.190
1710, 0.540, 0.190
1711, 0.540, 0.190
1712, 0.540, 0.190
1713, 0.540, 0.190
1714, 0.540, 0.190
1715, 0.540, 0.190
1716, 0.540, 0.190
1717, 0.540, 0.190
1718, 0.540, 0.190
1719, 0.540, 0.190
1720, 0.540, 0.190
1721, 0.540, 0.190
1722, 0.540, 0.190
1723, 0.540, 0.190
1724, 0.540, 0.190
1725, 0.540, 0.190
1726, 0.540, 0.190
1727, 0.540, 0.190
1728, 0.540, 0.190
1729, 0.540, 0.190
1730, 0.540, 0.190
1731, 0.540, 0.190
1732, 0.540, 0.190
1733, 0.540, 0.190
1734, 0.540, 0.190
1735, 0.540, 0.190
1736, 0.540, 0.190
1737, 0.540, 0.190
1738, 0.540, 0.190
1739, 0.540, 0.190
1740, 0.540, 0.190
1741, 0.540, 0.190
1742, 0.540, 0.190
1743, 0.540, 0.190
1744, 0.540, 0.190
1745, 0.540, 0.190
1746, 0.540, 0.190
1747, 0.540, 0.190
1748, 0.540, 0.190
1749, 0.540, 0.190
1750, 0.540, 0.190
1751, 0.540, 0.190
1752, 0.540, 0.190
1753, 0.540, 0.190
1754, 0.540, 0.190
1755, 0.540, 0.190
1756, 0.540, 0.190
1757, 0.540, 0.190
1758, 0.540, 0.190
1759, 0.540, 0.190
1760, 0.540, 0.190
1761, 0.540, 0.190
1762, 0.540, 0.190
1763, 0.540, 0.190
1764, 0.540, 0.190
1765, 0.540, 0.190
1766, 0.540, 0.190
1767, 0.540, 0.190
1768, 0.540, 0.190
1769, 0.540, 0.190
1770, 0.540, 0.190
1771, 0.540, 0.190
1772, 0.540, 0.190
1773, 0.540, 0.190
1774, 0.540, 0.190
1775, 0.540, 0.190
1776, 0.540, 0.190
1777, 0.540, 0.190
1778, 0.540, 0.190
1779, 0.540, 0.190
1780, 0.540, 0.190
1781, 0.540, 0.190
1782, 0.540, 0.190
1783, 0.540, 0.190
1784, 0.540, 0.190
1785, 0.540, 0.190
1786, 0.540, 0.190
1787, 0.540, 0.190
1788, 0.540, 0.190
1789, 0.540, 0.190
1790, 0.540, 0.190
1791, 0.540, 0.190
1792, 0.540, 0.190
1793, 0.540, 0.190
1794, 0.540, 0.190
1795, 0.540, 0.190
1796, 0.540, 0.190
1797, 0.540, 0.190
1798, 0.540, 0.190
1799, 0.540, 0.190
1800, 0.540, 0.190
1801, 0.540, 0.190
1802, 0.540, 0.190
1803, 0.540, 0.190
1804, 0.540, 0.190
1805, 0.540, 0.190
1806, 0.540, 0.190
1807, 0.540, 0.190
1808, 0.540, 0.190
1809, 0.540, 0.190
1810, 0.540, 0.190
1811, 0.540, 0.190
1812, 0.540, 0.190
1813, 0.540, 0.190
1814, 0.540, 0.190
1815, 0.540, 0.190
1816, 0.540, 0.190
1817, 0.540, 0.190
1818, 0.540, 0.190
1819, 0.540, 0.190
1820, 0.540, 0.190
1821, 0.540, 0.190
1822, 0.540, 0.190
1823, 0.540, 0.190
1824, 0.540, 0.190
1825, 0.540, 0.190
1826, 0.540, 0.190
1827, 0.540, 0.190
1828, 0.540, 0.190
1829, 0.540, 0.190
1830, 0.540, 0.190
1831, 0.540, 0.190
1832, 0.540, 0.190
1833, 0.540, 0.190
1834, 0.540, 0.190
1835, 0.540, 0.190
1836, 0.540, 0.190
1837, 0.540, 0.190
1838, 0.540, 0.190
1839, 0.540, 0.190
1840, 0.540, 0.190
1841, 0.540, 0.190
1842, 0.540, 0.190
1843, 0.540, 0.190
1844, 0.540, 0.190
1845, 0.540, 0.190
1846, 0.540, 0.190
1847, 0.540, 0.190
1848, 0.540, 0.190
1849, 0.540, 0.190
1850, 0.540, 0.190
1851, 0.540, 0.190
1852, 0.540, 0.190
1853, 0.540, 0.190
1854, 0.540, 0.190
1855, 0.540, 0.190
1856, 0.540, 0.190
1857, 0.540, 0.190
1858, 0.540, 0.190
1859, 0.540, 0.190
1860, 0.540, 0.190
1861, 0.540, 0.190
1862, 0.540, 0.190
1863, 0.540, 0.190
1864, 0.540, 0.190
1865, 0.540, 0.190
1866, 0.540, 0.190
1867, 0.540, 0.190
1868, 0.540, 0.190
1869, 0.540, 0.190
1870, 0.540, 0.190
1871, 0.540, 0.190
1872, 0.540, 0.190
1873, 0.540, 0.190
1874, 0.540, 0.190
1875, 0.540, 0.190
1876, 0.540, 0.190
1877, 0.540, 0.190
1878, 0.540, 0.190
1879, 0.540, 0.190
1880, 0.540, 0.190
1881, 0.540, 0.190
1882, 0.540, 0.190
1883, 0.540, 0.190
1884, 0.540, 0.190
1885, 0.540, 0.190
1886, 0.540, 0.190
1887, 0.540, 0.190
1888, 0.540, 0.190
1889, 0.540, 0.190
1890, 0.540, 0.190
1891, 0.540, 0.190
1892, 0.540, 0.190
1893, 0.540, 0.190
1894, 0.540, 0.190
1895, 0.540, 0.190
1896, 0.540, 0.190
1897, 0.540, 0.190
1898, 0.540, 0.190
1899, 0.540, 0.190
1900, 0.540, 0.190
1901, 0.540, 0.190
1902, 0.540, 0.190
1903, 0.540, 0.190
1904, 0.540, 0.190
1905, 0.540, 0.190
1906, 0.540, 0.190
1907, 0.540, 0.190
1908, 0.540, 0.190
1909, 0.540, 0.190
1910, 0.540, 0.190
1911, 0.540, 0.190
1912, 0.540, 0.190
1913, 0.540, 0.190
1914, 0.540, 0.190
1915, 0.540, 0.190
1916, 0.540, 0.190
1917, 0.540, 0.190
1918, 0.540, 0.190
1919, 0.540, 0.190
1920, 0.540, 0.190
1921, 0.540, 0.190
1922, 0.540, 0.190
1923, 0.540, 0.190
1924, 0.540, 0.190
1925, 0.540, 0.190
1926, 0.540, 0.190
1927, 0.540, 0.190
1928, 0.540, 0.190
1929, 0.540, 0.190
1930, 0.540, 0.190
1931, 0.540, 0.190
1932, 0.540, 0.190
1933, 0.540, 0.190
1934, 0.540, 0.190
1935, 0.540, 0.190
1936, 0.540, 0.190
1937, 0.540, 0.190
1938, 0.540, 0.190
1939, 0.540, 0.190
1940, 0.540, 0.190
1941, 0.540, 0.190
1942, 0.540, 0.190
1943, 0.540, 0.190
1944, 0.540, 0.190
1945, 0.540, 0.190
1946, 0.540, 0.190
1947, 0.540, 0.190
1948, 0.540, 0.190
1949, 0.540, 0.190
1950, 0.540, 0.190
1951, 0.540, 0.190
1952, 0.540, 0.190
1953, 0.540, 0.190
1954, 0.540, 0.190
1955, 0.540, 0.190
1956, 0.540, 0.190
1957, 0.540, 0.190
1958, 0.540, 0.190
1959, 0.540, 0.190
1960, 0.540, 0.190
1961, 0.540, 0.190
1962, 0.540, 0.190
1963, 0.540, 0.190
1964, 0.540, 0.190
1965, 0.540, 0.190
1966, 0.540, 0.190
1967, 0.540, 0.190
1968, 0.540, 0.190
1969, 0.540, 0.190
1970, 0.540, 0.190
1971, 0.540, 0.190
1972, 0.540, 0.190
1973, 0.540, 0.190
1974, 0.540, 0.190
1975, 0.540, 0.190
1976, 0.540, 0.190
1977, 0.540, 0.190
1978, 0.540, 0.190
1979, 0.540, 0.190
1980, 0.540, 0.190
1981, 0.540, 0.190
1982, 0.540, 0.190
1983, 0.540, 0.190
1984, 0.540, 0.190
1985, 0.540, 0.190
1986, 0.540, 0.190
1987, 0.540, 0.190
1988, 0.540, 0.190
1989, 0.540, 0.190
1990, 0.540, 0.190
1991, 0.540, 0.190
1992, 0.540, 0.190
1993, 0.540, 0.190
1994, 0.540, 0.190
1995, 0.540, 0.190
1996, 0.540, 0.190
1997, 0.540, 0.190
1998, 0.540, 0.190
1999, 0.540, 0.190
2000, 0.540, 0.190
2001, 0.540, 0.190
2002, 0.540, 0.190
2003, 0.540, 0.190
2004, 0.540, 0.190
2005, 0.540, 0.190
2006, 0.540, 0.190
2007, 0.540, 0.190
2008, 0.540, 0.190
2009, 0.540, 0.190
2010, 0.540, 0.190
2011, 0.540, 0.190
2012, 0.540, 0.190
2013, 0.540, 0.190
2014, 0.540, 0.190
2015, 0.540, 0.190
2016, 0.540, 0.190
2017, 0.540, 0.190
2018, 0.540, 0.190
2019, 0.540, 0.190
2020, 0.540, 0.190
2021, 0.540, 0.190
2022, 0.540, 0.190
2023, 0.540, 0.190
2024, 0.540, 0.190
2025, 0.540, 0.190
2026, 0.540, 0.190
2027, 0.540, 0.190
2028, 0.540, 0.190
2029, 0.540, 0.190
2030, 0.540, 0.190
2031, 0.540, 0.190
2032, 0.540, 0.190
2033, 0.540, 0.190
2034, 0.540, 0.190
2035, 0.540, 0.190
2036, 0.540, 0.190
2037, 0.540, 0.190
2038, 0.540, 0.190
2039, 0.540, 0.190
2040, 0.540, 0.190
2041, 0.540, 0.190
2042, 0.540, 0.190
2043, 0.540, 0.190
2044, 0.540, 0.190
2045, 0.540, 0.190
2046, 0.540, 0.190
2047, 0.540, 0.190
2048, 0.540, 0.190
2049, 0.540, 0.190
2050, 0.540, 0.190
2051, 0.540, 0.190
2052, 0.540, 0.190
2053, 0.540, 0.190
2054, 0.540, 0.190
2055, 0.540, 0.190
2056, 0.540, 0.190
2057, 0.540, 0.190
2058, 0.540, 0.190
2059, 0.540, 0.190
2060, 0.540, 0.190
2061, 0.540, 0.190
2062, 0.540, 0.190
2063, 0.540, 0.190
2064, 0.540, 0.190
2065, 0.540, 0.190
2066, 0.540, 0.190
2067, 0.540, 0.190
2068, 0.540, 0.190
2069, 0.540, 0.190
2070, 0.540, 0.190
2071, 0.540, 0.190
2072, 0.540, 0.190
2073, 0.540, 0.190
2074, 0.540, 0.190
2075, 0.540, 0.190
2076, 0.540, 0.190
2077, 0.540, 0.190
2078, 0.540, 0.190
2079, 0.540, 0.190
2080, 0.540, 0.190
2081, 0.540, 0.190
2082, 0.540, 0.190
2083, 0.540, 0.190
2084, 0.540, 0.190
2085, 0.540, 0.190
2086, 0.540, 0.190
2087, 0.540, 0.190
2088, 0.540, 0.190
2089, 0.540, 0.190
2090, 0.540, 0.190
2091, 0.540, 0.190
2092, 0.540, 0.190
2093, 0.540, 0.190
2094, 0.540, 0.190
2095, 0.540, 0.190
2096, 0.540, 0.190
2097, 0.540, 0.190
2098, 0.540, 0.190
2099, 0.540, 0.190
2100, 0.540, 0.190
2101, 0.540, 0.190
2102, 0.540, 0.190
2103, 0.540, 0.190
2104, 0.540, 0.190
2105, 0.540, 0.190
2106, 0.540, 0.190
2107, 0.540, 0.190
2108, 0.540, 0.190
2109, 0.540, 0.190
2110, 0.540, 0.190
2111, 0.540, 0.190
2112, 0.540, 0.190
2113, 0.540, 0.190
2114, 0.540, 0.190
2115, 0.540, 0.190
2116, 0.540, 0.190
2117, 0.540, 0.190
2118, 0.540, 0.190
2119, 0.540, 0.190
2120, 0.540, 0.190
2121, 0.540, 0.190
2122, 0.540, 0.190
2123, 0.540, 0.190
2124, 0.540, 0.190
2125, 0.540, 0.190
2126, 0.540, 0.190
2127, 0.540, 0.190
2128, 0.540, 0.190
2129, 0.540, 0.190
2130, 0.540, 0.190
2131, 0.540, 0.190
2132, 0.540, 0.190
2133, 0.540, 0.190
2134, 0.540, 0.190
2135, 0.540, 0.190
2136, 0.540, 0.190
2137, 0.540, 0.190
2138, 0.540, 0.190
2139, 0.540, 0.190
2140, 0.540, 0.190
2141, 0.540, 0.190
2142, 0.540, 0.190
2143, 0.540, 0.190
2144, 0.540, 0.190
2145, 0.540, 0.190
2146, 0.540, 0.190
2147, 0.540, 0.190
2148, 0.540, 0.190
2149, 0.540, 0.190
2150, 0.540, 0.190
2151, 0.540, 0.190
2152, 0.540, 0.190
2153, 0.540, 0.190
2154, 0.540, 0.190
2155, 0.540, 0.190
2156, 0.540, 0.190
2157, 0.540, 0.190
2158, 0.540, 0.190
2159, 0.540, 0.190
2160, 0.540, 0.190
2161, 0.540, 0.190
2162, 0.540, 0.190
2163, 0.540, 0.190
2164, 0.540, 0.190
2165, 0.540, 0.190
2166, 0.540, 0.190
2167, 0.540, 0.190
2168, 0.540, 0.190
2169, 0.540, 0.190
2170, 0.540, 0.190
2171, 0.540, 0.190
2172, 0.540, 0.190
2173, 0.540, 0.190
2174, 0.540, 0.190
2175, 0.540, 0.190
2176, 0.540, 0.190
2177, 0.540, 0.190
2178, 0.540, 0.190
2179, 0.540, 0.190
2180, 0.540, 0.190
2181, 0.540, 0.190
2182, 0.540, 0.190
2183, 0.540, 0.190
2184, 0.540, 0.190
2185, 0.540, 0.190
2186, 0.540, 0.190
2187, 0.540, 0.190
2188, 0.540, 0.190
2189, 0.540, 0.190
2190, 0.540, 0.190
2191, 0.540, 0.190
2192, 0.540, 0.190
2193, 0.540, 0.190
2194, 0.540, 0.190
2195, 0.540, 0.190
2196, 0.540, 0.190
2197, 0.540, 0.190
2198, 0.540, 0.190
2199, 0.540, 0.190
2200, 0.540, 0.190
2201, 0.540, 0.190
2202, 0.540, 0.190
2203, 0.540, 0.190
2204, 0.540, 0.190
2205, 0.540, 0.190
2206, 0.540, 0.190
2207, 0.540, 0.190
2208, 0.540, 0.190
2209, 0.540, 0.190
2210, 0.540, 0.190
2211, 0.540, 0.190
2212, 0.540, 0.190
2213, 0.540, 0.190
2214, 0.540, 0.190
2215, 0.540, 0.190
2216, 0.540, 0.190
2217, 0.540, 0.190
2218, 0.540, 0.190
2219, 0.540, 0.190
2220, 0.540, 0.190
2221, 0.540, 0.190
2222, 0.540, 0.190
2223, 0.540, 0.190
2224, 0.540, 0.190
2225, 0.540, 0.190
2226, 0.540, 0.190
2227, 0.540, 0.190
2228, 0.540, 0.190
2229, 0.540, 0.190
2230, 0.540, 0.190
2231, 0.540, 0.190
2232, 0.540, 0.190
2233, 0.540, 0.190
2234, 0.540, 0.190
2235, 0.540, 0.190
2236, 0.540, 0.190
2237, 0.540, 0.190
2238, 0.540, 0.190
2239, 0.540, 0.190
2240, 0.540, 0.190
2241, 0.540, 0.190
2242, 0.540, 0.190
2243, 0.540, 0.190
2244, 0.540, 0.190
2245, 0.540, 0.190
2246, 0.540, 0.190
2247, 0.540, 0.190
2248, 0.540, 0.190
2249, 0.540, 0.190
2250, 0.540, 0.190
2251, 0.540, 0.190
2252, 0.540, 0.190
2253, 0.540, 0.190
2254, 0.540, 0.190
2255, 0.540, 0.190
2256, 0.540, 0.190
2257, 0.540, 0.190
2258, 0.540, 0.190
2259, 0.540, 0.190
2260, 0.540, 0.190
2261, 0.540, 0.190
2262, 0.540, 0.190
2263, 0.540, 0.190
2264, 0.540, 0.190
2265, 0.540, 0.190
2266, 0.540, 0.190
2267, 0.540, 0.190
2268, 0.540, 0.190
2269, 0.540, 0.190
2270, 0.540, 0.190
2271, 0.540, 0.190
2272, 0.540, 0.190
2273, 0.540, 0.190
2274, 0.540, 0.190
2275, 0.540, 0.190
2276, 0.540, 0.190
2277, 0.540, 0.190
2278, 0.540, 0.190
2279, 0.540, 0.190
2280, 0.540, 0.190
2281, 0.540, 0.190
2282, 0.540, 0.190
2283, 0.540, 0.190
2284, 0.540, 0.190
2285, 0.540, 0.190
2286, 0.540, 0.190
2287, 0.540, 0.190
2288, 0.540, 0.190
2289, 0.540, 0.190
2290, 0.540, 0.190
2291, 0.540, 0.190
2292, 0.540, 0.190
2293, 0.540, 0.190
2294, 0.540, 0.190
2295, 0.540, 0.190
2296, 0.540, 0.190
2297, 0.540, 0.190
2298, 0.540, 0.190
2299, 0.540, 0.190
2300, 0.540, 0.190
2301, 0.540, 0.190
2302, 0.540, 0.190
2303, 0.540, 0.190
2304, 0.540, 0.190
2305, 0.540, 0.190
2306, 0.540, 0.190
2307, 0.540, 0.190
2308, 0.540, 0.190
2309, 0.540, 0.190
2310, 0.540, 0.190
2311, 0.540, 0.190
2312, 0.540, 0.190
2313, 0.540, 0.190
2314, 0.540, 0.190
2315, 0.540, 0.190
2316, 0.540, 0.190
2317, 0.540, 0.190
2318, 0.540, 0.190
2319, 0.540, 0.190
2320, 0.540, 0.190
2321, 0.540, 0.190
2322, 0.540, 0.190
2323, 0.540, 0.190
2324, 0.540, 0.190
2325, 0.540, 0.190
2326, 0.540, 0.190
2327, 0.540, 0.190
2328, 0.540, 0.190
2329, 0.540, 0.190
2330, 0.540, 0.190
2331, 0.540, 0.190
2332, 0.540, 0.190
2333, 0.540, 0.190
2334, 0.540, 0.190
2335, 0.540, 0.190
2336, 0.540, 0.190
2337, 0.540, 0.190
2338, 0.540, 0.190
2339, 0.540, 0.190
2340, 0.540, 0.190
2341, 0.540, 0.190
2342, 0.540, 0.190
2343, 0.540, 0.190
2344, 0.540, 0.190
2345, 0.540, 0.190
2346, 0.540, 0.190
2347, 0.540, 0.190
2348, 0.540, 0.190
2349, 0.540, 0.190
2350, 0.540, 0.190
2351, 0.540, 0.190
2352, 0.540, 0.190
2353, 0.540, 0.190
2354, 0.540, 0.190
2355, 0.540, 0.190
2356, 0.540, 0.190
2357, 0.540, 0.190
2358, 0.540, 0.190
2359, 0.540, 0.190
2360, 0.540, 0.190
2361, 0.540, 0.190
2362, 0.540, 0.190
2363, 0.540, 0.190
2364, 0.540, 0.190
2365, 0.540, 0.190
2366, 0.540, 0.190
2367, 0.540, 0.190
2368, 0.540, 0.190
2369, 0.540, 0.190
2370, 0.540, 0.190
2371, 0.540, 0.190
2372, 0.540, 0.190
2373, 0.540, 0.190
2374, 0.540, 0.190
2375, 0.540, 0.190
2376, 0.540, 0.190
2377, 0.540, 0.190
2378, 0.540, 0.190
2379, 0.540, 0.190
2380, 0.540, 0.190
2381, 0.540, 0.190
2382, 0.540, 0.190
2383, 0.540, 0.190
2384, 0.540, 0.190
2385, 0.540, 0.190
2386, 0.540, 0.190
2387, 0.540, 0.190
2388, 0.540, 0.190
2389, 0.540, 0.190
2390, 0.540, 0.190
2391, 0.540, 0.190
2392, 0.540, 0.190
2393, 0.540, 0.190
2394, 0.540, 0.190
2395, 0.540, 0.190
2396, 0.540, 0.190
2397, 0.540, 0.190
2398, 0.540, 0.190
2399, 0.540, 0.190
2400, 0.540, 0.190
2401, 0.540, 0.190
2402, 0.540, 0.190
2403, 0.540, 0.190
2404, 0.540, 0.190
2405, 0.540, 0.190
2406, 0.540, 0.190
2407, 0.540, 0.190
2408, 0.540, 0.190
2409, 0.540, 0.190
2410, 0.540, 0.190
2411, 0.540, 0.190
2412, 0.540, 0.190
2413, 0.540, 0.190
2414, 0.540, 0.190
2415, 0.540, 0.190
2416, 0.540, 0.190
2417, 0.540, 0.190
2418, 0.540, 0.190
2419, 0.540, 0.190
2420, 0.540, 0.190
2421, 0.540, 0.190
2422, 0.540, 0.190
2423, 0.540, 0.190
2424, 0.540, 0.190
2425, 0.540, 0.190
2426, 0.540, 0.190
2427, 0.540, 0.190
2428, 0.540, 0.190
2429, 0.540, 0.190
2430, 0.540, 0.190
2431, 0.540, 0.190
2432, 0.540, 0.190
2433, 0.540, 0.190
2434, 0.540, 0.190
2435, 0.540, 0.190
2436, 0.540, 0.190
2437, 0.540, 0.190
2438, 0.540, 0.190
2439, 0.540, 0.190
2440, 0.540, 0.190
2441, 0.540, 0.190
2442, 0.540, 0.190
2443, 0.540, 0.190
2444, 0.540, 0.190
2445, 0.540, 0.190
2446, 0.540, 0.190
2447, 0.540, 0.190
2448, 0.540, 0.190
2449, 0.540, 0.190
2450, 0.540, 0.190
2451, 0.540, 0.190
2452, 0.540, 0.190
2453, 0.540, 0.190
2454, 0.540, 0.190
2455, 0.540, 0.190
2456, 0.540, 0.190
2457, 0.540, 0.190
2458, 0.540, 0.190
2459, 0.540, 0.190
2460, 0.540, 0.190
2461, 0.540, 0.190
2462, 0.540, 0.190
2463, 0.540, 0.190
2464, 0.540, 0.190
2465, 0.540, 0.190
2466, 0.540, 0.190
2467, 0.540, 0.190
2468, 0.540, 0.190
2469, 0.540, 0.190
2470, 0.540, 0.190
2471, 0.540, 0.190
2472, 0.540, 0.190
2473, 0.540, 0.190
2474, 0.540, 0.190
2475, 0.540, 0.190
2476, 0.540, 0.190
2477, 0.540, 0.190
2478, 0.540, 0.190
2479, 0.540, 0.190
2480, 0.540, 0.190
2481, 0.540, 0.190
2482, 0.540, 0.190
2483, 0.540, 0.190
2484, 0.540, 0.190
2485, 0.540, 0.190
2486, 0.540, 0.190
2487, 0.540, 0.190
2488, 0.540, 0.190
2489, 0.540, 0.190
2490, 0.540, 0.190
2491, 0.540, 0.190
2492, 0.540, 0.190
2493, 0.540, 0.190
2494, 0.540, 0.190
2495, 0.540, 0.190
2496, 0.540, 0.190
2497, 0.540, 0.190
2498, 0.540, 0.190
2499, 0.540, 0.190
2500, 0.540, 0.190
infinity, 0.540, 0.190
